;c by Nils Busch
;Created with Weiche
;Radius: 0
;Abweichung Totspur: 4
;Radius Totspur: 314.5


CreateMeshBuilder
AddVertex,-0.7200,0,30.0958,
AddVertex,-0.8700,0,31.6207,
AddVertex,-0.7950,0,31.6327,
AddFace,0,1,2,
GenerateNormals,
LoadTexture,railTop.png,
SetTextureCoordinates,0,0,1,
SetTextureCoordinates,1,0,0,
SetTextureCoordinates,2,0.5,0,
SetColor,40,40,40


CreateMeshBuilder
AddVertex,-0.7950,0,31.6327,
AddVertex,-0.7200,0,31.6327,
AddVertex,-0.7200,0,30.0958,
AddFace,0,1,2,
GenerateNormals,
LoadTexture,railTop.png,
SetTextureCoordinates,0,0.5,0,
SetTextureCoordinates,1,0.9,0,
SetTextureCoordinates,2,0.9,1,
SetColor,40,40,40


CreateMeshBuilder
AddVertex,-0.8100,0,31.6207,
AddVertex,-0.8700,0,31.6207,
AddVertex,-1.1784,0,35.0868,
AddVertex,-1.2381,0,35.0801,
AddVertex,-1.4693,0,37.5930,
AddVertex,-1.5288,0,37.5859,
AddVertex,-1.7804,0,40.0992,
AddVertex,-1.8399,0,40.0916,
AddVertex,-2.1120,0,42.6054,
AddVertex,-2.1715,0,42.5973,
AddVertex,-2.4641,0,45.1116,
AddVertex,-2.5235,0,45.1030,
AddVertex,-2.8367,0,47.6178,
AddVertex,-2.8960,0,47.6087,
AddVertex,-3.2299,0,50.1240,
AddVertex,-3.2892,0,50.1145,
AddFace,3,2,0,1,
AddFace,5,4,2,3,
AddFace,7,6,4,5,
AddFace,9,8,6,7,
AddFace,11,10,8,9,
AddFace,13,12,10,11,
AddFace,15,14,12,13,
GenerateNormals,
LoadTexture,railTop.png,
SetTextureCoordinates,0,0,1.0000,
SetTextureCoordinates,1,1,1.0000,
SetTextureCoordinates,2,0,0.8571,
SetTextureCoordinates,3,1,0.8571,
SetTextureCoordinates,4,0,0.7143,
SetTextureCoordinates,5,1,0.7143,
SetTextureCoordinates,6,0,0.5714,
SetTextureCoordinates,7,1,0.5714,
SetTextureCoordinates,8,0,0.4286,
SetTextureCoordinates,9,1,0.4286,
SetTextureCoordinates,10,0,0.2857,
SetTextureCoordinates,11,1,0.2857,
SetTextureCoordinates,12,0,0.1429,
SetTextureCoordinates,13,1,0.1429,
SetTextureCoordinates,14,0,0.0000,
SetTextureCoordinates,15,1,0.0000,
SetColor,40,40,40


CreateMeshBuilder
AddVertex,-0.7800,0,31.6327,
AddVertex,-0.7200,0,31.6327,
AddVertex,-0.7800,0,35.0000,
AddVertex,-0.7200,0,35.0000,
AddVertex,-0.7800,0,37.5000,
AddVertex,-0.7200,0,37.5000,
AddVertex,-0.7800,0,40.0000,
AddVertex,-0.7200,0,40.0000,
AddVertex,-0.7800,0,42.5000,
AddVertex,-0.7200,0,42.5000,
AddVertex,-0.7800,0,45.0000,
AddVertex,-0.7200,0,45.0000,
AddVertex,-0.7800,0,47.5000,
AddVertex,-0.7200,0,47.5000,
AddVertex,-0.7800,0,50.0000,
AddVertex,-0.7200,0,50.0000,
AddFace,2,3,1,0,
AddFace,4,5,3,2,
AddFace,6,7,5,4,
AddFace,8,9,7,6,
AddFace,10,11,9,8,
AddFace,12,13,11,10,
AddFace,14,15,13,12,
GenerateNormals,
LoadTexture,railTop.png,
SetTextureCoordinates,0,0,1.0000,
SetTextureCoordinates,1,1,1.0000,
SetTextureCoordinates,2,0,0.8571,
SetTextureCoordinates,3,1,0.8571,
SetTextureCoordinates,4,0,0.7143,
SetTextureCoordinates,5,1,0.7143,
SetTextureCoordinates,6,0,0.5714,
SetTextureCoordinates,7,1,0.5714,
SetTextureCoordinates,8,0,0.4286,
SetTextureCoordinates,9,1,0.4286,
SetTextureCoordinates,10,0,0.2857,
SetTextureCoordinates,11,1,0.2857,
SetTextureCoordinates,12,0,0.1429,
SetTextureCoordinates,13,1,0.1429,
SetTextureCoordinates,14,0,0.0000,
SetTextureCoordinates,15,1,0.0000,
SetColor,40,40,40


CreateMeshBuilder ;Gerade Spielerspur Vorne
AddVertex,-0.7200,0,0.0000,
AddVertex,-0.7800,0,0.0000,
AddVertex,-0.7200,0,2.5000,
AddVertex,-0.7800,0,2.5000,
AddVertex,-0.7200,0,5.0000,
AddVertex,-0.7800,0,5.0000,
AddVertex,-0.7200,0,7.5000,
AddVertex,-0.7800,0,7.5000,
AddVertex,-0.7200,0,10.0000,
AddVertex,-0.7800,0,10.0000,
AddVertex,-0.7200,0,12.5000,
AddVertex,-0.7800,0,12.5000,
AddVertex,-0.7200,0,15.0000,
AddVertex,-0.7800,0,15.0000,
AddVertex,-0.7200,0,17.5000,
AddVertex,-0.7800,0,17.5000,
AddVertex,-0.7200,0,20.0000,
AddVertex,-0.7800,0,20.0000,
AddVertex,-0.7200,0,22.5000,
AddVertex,-0.7800,0,22.5000,
AddVertex,-0.7200,0,25.0000,
AddVertex,-0.7800,0,25.0000,
AddVertex,-0.7200,0,27.5000,
AddVertex,-0.7800,0,27.5000,
AddVertex,-0.7200,0,29.5676,
AddVertex,-0.7800,0,29.5647,
AddFace,3,2,0,1,
AddFace,5,4,2,3,
AddFace,7,6,4,5,
AddFace,9,8,6,7,
AddFace,11,10,8,9,
AddFace,13,12,10,11,
AddFace,15,14,12,13,
AddFace,17,16,14,15,
AddFace,19,18,16,17,
AddFace,21,20,18,19,
AddFace,23,22,20,21,
AddFace,25,24,22,23,
GenerateNormals,
LoadTexture,railTop.png,
SetTextureCoordinates,0,0,1.0000,
SetTextureCoordinates,1,1,1.0000,
SetTextureCoordinates,2,0,0.9167,
SetTextureCoordinates,3,1,0.9167,
SetTextureCoordinates,4,0,0.8333,
SetTextureCoordinates,5,1,0.8333,
SetTextureCoordinates,6,0,0.7500,
SetTextureCoordinates,7,1,0.7500,
SetTextureCoordinates,8,0,0.6667,
SetTextureCoordinates,9,1,0.6667,
SetTextureCoordinates,10,0,0.5833,
SetTextureCoordinates,11,1,0.5833,
SetTextureCoordinates,12,0,0.5000,
SetTextureCoordinates,13,1,0.5000,
SetTextureCoordinates,14,0,0.4167,
SetTextureCoordinates,15,1,0.4167,
SetTextureCoordinates,16,0,0.3333,
SetTextureCoordinates,17,1,0.3333,
SetTextureCoordinates,18,0,0.2500,
SetTextureCoordinates,19,1,0.2500,
SetTextureCoordinates,20,0,0.1667,
SetTextureCoordinates,21,1,0.1667,
SetTextureCoordinates,22,0,0.0833,
SetTextureCoordinates,23,1,0.0833,
SetTextureCoordinates,24,0,0.0000,
SetTextureCoordinates,25,1,0.0000,
SetColor,40,40,40


CreateMeshBuilder ;Totspur vorne
AddVertex,0.6456,0,0.0000,
AddVertex,0.6758,0,0.0000,
AddVertex,0.6515,0,2.5057,
AddVertex,0.6880,0,2.5062,
AddVertex,0.6355,0,5.0114,
AddVertex,0.6777,0,5.0124,
AddVertex,0.5978,0,7.5172,
AddVertex,0.6447,0,7.5186,
AddVertex,0.5382,0,10.0229,
AddVertex,0.5892,0,10.0248,
AddVertex,0.4568,0,12.5286,
AddVertex,0.5111,0,12.5310,
AddVertex,0.3535,0,15.0343,
AddVertex,0.4103,0,15.0372,
AddVertex,0.2283,0,17.5401,
AddVertex,0.2869,0,17.5434,
AddVertex,0.0813,0,20.0458,
AddVertex,0.1409,0,20.0496,
AddVertex,-0.0637,0,22.2144,
AddVertex,0.0000,0,22.1637,
AddVertex,-0.0877,0,22.5515,
AddVertex,-0.0279,0,22.5558,
AddVertex,-0.2775,0,25.0572,
AddVertex,-0.2177,0,25.0620,
AddVertex,-0.4874,0,27.5630,
AddVertex,-0.4276,0,27.5682,
AddVertex,-0.6700,0,29.5699,
AddVertex,-0.6100,0,29.5727,
AddFace,2,3,1,0,
AddFace,4,5,3,2,
AddFace,6,7,5,4,
AddFace,8,9,7,6,
AddFace,10,11,9,8,
AddFace,12,13,11,10,
AddFace,14,15,13,12,
AddFace,16,17,15,14,
AddFace,18,19,17,16,
AddFace,20,21,19,18,
AddFace,22,23,21,20,
AddFace,24,25,23,22,
AddFace,26,27,25,24,
GenerateNormals,
LoadTexture,railTop.png,
SetTextureCoordinates,0,0,1.0000,
SetTextureCoordinates,1,1,1.0000,
SetTextureCoordinates,2,0,0.9231,
SetTextureCoordinates,3,1,0.9231,
SetTextureCoordinates,4,0,0.8462,
SetTextureCoordinates,5,1,0.8462,
SetTextureCoordinates,6,0,0.7692,
SetTextureCoordinates,7,1,0.7692,
SetTextureCoordinates,8,0,0.6923,
SetTextureCoordinates,9,1,0.6923,
SetTextureCoordinates,10,0,0.6154,
SetTextureCoordinates,11,1,0.6154,
SetTextureCoordinates,12,0,0.5385,
SetTextureCoordinates,13,1,0.5385,
SetTextureCoordinates,14,0,0.4615,
SetTextureCoordinates,15,1,0.4615,
SetTextureCoordinates,16,0,0.3846,
SetTextureCoordinates,17,1,0.3846,
SetTextureCoordinates,18,0,0.3077,
SetTextureCoordinates,19,1,0.3077,
SetTextureCoordinates,20,0,0.2308,
SetTextureCoordinates,21,1,0.2308,
SetTextureCoordinates,22,0,0.1538,
SetTextureCoordinates,23,1,0.1538,
SetTextureCoordinates,24,0,0.0769,
SetTextureCoordinates,25,1,0.0769,
SetTextureCoordinates,26,0,0.0000,
SetTextureCoordinates,27,1,0.0000,
SetColor,40,40,40


CreateMeshBuilder ;Fluegelschiene Totspur
AddVertex,-0.7200,0,29.5676,
AddVertex,-0.7800,0,30.1975,
AddVertex,-0.7800,0,29.5647,
AddFace,2,1,0,
GenerateNormals,
LoadTexture,railTop.png,
SetTextureCoordinates,0,0,1,
SetTextureCoordinates,1,0,0,
SetTextureCoordinates,2,1,1,
SetColor,40,40,40


CreateMeshBuilder ;Fl√ºgelschiene Spielerspur
AddVertex,-0.7800,0,30.1975,
AddVertex,-0.7800,0,29.5647,
AddVertex,-0.9283,0,31.7001,
AddVertex,-0.9780,0,31.6951,
AddFace,3,2,0,1,
GenerateNormals,
LoadTexture,railTop.png,
SetTextureCoordinates,0,0,1.0000,
SetTextureCoordinates,1,1,1.0000,
SetTextureCoordinates,2,0,0.0000,
SetTextureCoordinates,3,1,0.0000,
SetColor,40,40,40


CreateMeshBuilder ;Fluegelschiene Totspur
AddVertex,-0.6100,0,29.5727,
AddVertex,-0.6700,0,30.2028,
AddVertex,-0.6700,0,29.5699,
AddFace,2,1,0,
GenerateNormals,
LoadTexture,railTop.png,
SetTextureCoordinates,0,1,1,
SetTextureCoordinates,1,0,0,
SetTextureCoordinates,2,0,1,
SetColor,40,40,40


CreateMeshBuilder ;Fluegelschiene Spielerspur
AddVertex,-0.6100,0,29.5727,
AddVertex,-0.6700,0,30.2028,
AddVertex,-0.6200,0,31.7001,
AddVertex,-0.6700,0,31.7001,
AddFace,3,2,0,1,
GenerateNormals,
LoadTexture,railTop.png,
SetTextureCoordinates,0,0,1.0000,
SetTextureCoordinates,1,1,1.0000,
SetTextureCoordinates,2,0,0.0000,
SetTextureCoordinates,3,1,0.0000,
SetColor,40,40,40


CreateMeshBuilder ;Gerade Schiene Aussen
AddVertex,0.7200,0,0.0000,
AddVertex,0.7800,0,0.0000,
AddVertex,0.7200,0,2.5000,
AddVertex,0.7800,0,2.5000,
AddVertex,0.7200,0,5.0000,
AddVertex,0.7800,0,5.0000,
AddVertex,0.7200,0,7.5000,
AddVertex,0.7800,0,7.5000,
AddVertex,0.7200,0,10.0000,
AddVertex,0.7800,0,10.0000,
AddVertex,0.7200,0,12.5000,
AddVertex,0.7800,0,12.5000,
AddVertex,0.7200,0,15.0000,
AddVertex,0.7800,0,15.0000,
AddVertex,0.7200,0,17.5000,
AddVertex,0.7800,0,17.5000,
AddVertex,0.7200,0,20.0000,
AddVertex,0.7800,0,20.0000,
AddVertex,0.7200,0,22.5000,
AddVertex,0.7800,0,22.5000,
AddVertex,0.7200,0,25.0000,
AddVertex,0.7800,0,25.0000,
AddVertex,0.7200,0,27.5000,
AddVertex,0.7800,0,27.5000,
AddVertex,0.7200,0,30.0000,
AddVertex,0.7800,0,30.0000,
AddVertex,0.7200,0,32.5000,
AddVertex,0.7800,0,32.5000,
AddVertex,0.7200,0,35.0000,
AddVertex,0.7800,0,35.0000,
AddVertex,0.7200,0,37.5000,
AddVertex,0.7800,0,37.5000,
AddVertex,0.7200,0,40.0000,
AddVertex,0.7800,0,40.0000,
AddVertex,0.7200,0,42.5000,
AddVertex,0.7800,0,42.5000,
AddVertex,0.7200,0,45.0000,
AddVertex,0.7800,0,45.0000,
AddVertex,0.7200,0,47.5000,
AddVertex,0.7800,0,47.5000,
AddVertex,0.7200,0,50.0000,
AddVertex,0.7800,0,50.0000,
AddFace,2,3,1,0,
AddFace,4,5,3,2,
AddFace,6,7,5,4,
AddFace,8,9,7,6,
AddFace,10,11,9,8,
AddFace,12,13,11,10,
AddFace,14,15,13,12,
AddFace,16,17,15,14,
AddFace,18,19,17,16,
AddFace,20,21,19,18,
AddFace,22,23,21,20,
AddFace,24,25,23,22,
AddFace,26,27,25,24,
AddFace,28,29,27,26,
AddFace,30,31,29,28,
AddFace,32,33,31,30,
AddFace,34,35,33,32,
AddFace,36,37,35,34,
AddFace,38,39,37,36,
AddFace,40,41,39,38,
GenerateNormals,
LoadTexture,railTop.png,
SetTextureCoordinates,0,0,1.0000,
SetTextureCoordinates,1,1,1.0000,
SetTextureCoordinates,2,0,0.9500,
SetTextureCoordinates,3,1,0.9500,
SetTextureCoordinates,4,0,0.9000,
SetTextureCoordinates,5,1,0.9000,
SetTextureCoordinates,6,0,0.8500,
SetTextureCoordinates,7,1,0.8500,
SetTextureCoordinates,8,0,0.8000,
SetTextureCoordinates,9,1,0.8000,
SetTextureCoordinates,10,0,0.7500,
SetTextureCoordinates,11,1,0.7500,
SetTextureCoordinates,12,0,0.7000,
SetTextureCoordinates,13,1,0.7000,
SetTextureCoordinates,14,0,0.6500,
SetTextureCoordinates,15,1,0.6500,
SetTextureCoordinates,16,0,0.6000,
SetTextureCoordinates,17,1,0.6000,
SetTextureCoordinates,18,0,0.5500,
SetTextureCoordinates,19,1,0.5500,
SetTextureCoordinates,20,0,0.5000,
SetTextureCoordinates,21,1,0.5000,
SetTextureCoordinates,22,0,0.4500,
SetTextureCoordinates,23,1,0.4500,
SetTextureCoordinates,24,0,0.4000,
SetTextureCoordinates,25,1,0.4000,
SetTextureCoordinates,26,0,0.3500,
SetTextureCoordinates,27,1,0.3500,
SetTextureCoordinates,28,0,0.3000,
SetTextureCoordinates,29,1,0.3000,
SetTextureCoordinates,30,0,0.2500,
SetTextureCoordinates,31,1,0.2500,
SetTextureCoordinates,32,0,0.2000,
SetTextureCoordinates,33,1,0.2000,
SetTextureCoordinates,34,0,0.1500,
SetTextureCoordinates,35,1,0.1500,
SetTextureCoordinates,36,0,0.1000,
SetTextureCoordinates,37,1,0.1000,
SetTextureCoordinates,38,0,0.0500,
SetTextureCoordinates,39,1,0.0500,
SetTextureCoordinates,40,0,0.0000,
SetTextureCoordinates,41,1,0.0000,
SetColor,40,40,40


CreateMeshBuilder ;Radlenker Spielerspur
AddVertex,0.6600,0,28.4458,
AddVertex,0.6200,0,28.4458,
AddVertex,0.6800,0,28.5958,
AddVertex,0.6400,0,28.5958,
AddVertex,0.6800,0,29.5958,
AddVertex,0.6400,0,29.5958,
AddVertex,0.6800,0,30.5958,
AddVertex,0.6400,0,30.5958,
AddVertex,0.6800,0,31.5958,
AddVertex,0.6400,0,31.5958,
AddVertex,0.6600,0,31.7458,
AddVertex,0.6200,0,31.7458,
AddFace,3,2,0,1,
AddFace,5,4,2,3,
AddFace,7,6,4,5,
AddFace,9,8,6,7,
AddFace,11,10,8,9,
GenerateNormals,
LoadTexture,railTop.png,
SetTextureCoordinates,0,0,1.0000,
SetTextureCoordinates,1,1,1.0000,
SetTextureCoordinates,2,0,0.8000,
SetTextureCoordinates,3,1,0.8000,
SetTextureCoordinates,4,0,0.6000,
SetTextureCoordinates,5,1,0.6000,
SetTextureCoordinates,6,0,0.4000,
SetTextureCoordinates,7,1,0.4000,
SetTextureCoordinates,8,0,0.2000,
SetTextureCoordinates,9,1,0.2000,
SetTextureCoordinates,10,0,0.0000,
SetTextureCoordinates,11,1,0.0000,
SetColor,40,40,40


CreateMeshBuilder ;Radlenker Totspur
AddVertex,-1.9464,0,28.3862,
AddVertex,-1.9065,0,28.3898,
AddVertex,-1.9799,0,28.5340,
AddVertex,-1.9401,0,28.5377,
AddVertex,-2.0726,0,29.5319,
AddVertex,-2.0328,0,29.5356,
AddVertex,-2.1686,0,30.5297,
AddVertex,-2.1287,0,30.5336,
AddVertex,-2.2677,0,31.5275,
AddVertex,-2.2279,0,31.5316,
AddVertex,-2.2630,0,31.6792,
AddVertex,-2.2232,0,31.6833,
AddFace,2,3,1,0,
AddFace,4,5,3,2,
AddFace,6,7,5,4,
AddFace,8,9,7,6,
AddFace,10,11,9,8,
GenerateNormals,
LoadTexture,railTop.png,
SetTextureCoordinates,0,0,1.0000,
SetTextureCoordinates,1,1,1.0000,
SetTextureCoordinates,2,0,0.8000,
SetTextureCoordinates,3,1,0.8000,
SetTextureCoordinates,4,0,0.6000,
SetTextureCoordinates,5,1,0.6000,
SetTextureCoordinates,6,0,0.4000,
SetTextureCoordinates,7,1,0.4000,
SetTextureCoordinates,8,0,0.2000,
SetTextureCoordinates,9,1,0.2000,
SetTextureCoordinates,10,0,0.0000,
SetTextureCoordinates,11,1,0.0000,
SetColor,40,40,40


CreateMeshBuilder; Abbiegende Schiene Aussen (Totspur)
AddVertex,-0.7200,0.001,0.0000,
AddVertex,-0.7800,0.001,0.0000,
AddVertex,-0.7299,0.001,2.4943,
AddVertex,-0.7899,0.001,2.4938,
AddVertex,-0.7597,0.001,4.9886,
AddVertex,-0.8196,0.001,4.9876,
AddVertex,-0.8092,0.001,7.4828,
AddVertex,-0.8692,0.001,7.4814,
AddVertex,-0.8787,0.001,9.9771,
AddVertex,-0.9386,0.001,9.9752,
AddVertex,-0.9679,0.001,12.4714,
AddVertex,-1.0279,0.001,12.4690,
AddVertex,-1.0771,0.001,14.9657,
AddVertex,-1.1370,0.001,14.9628,
AddVertex,-1.2061,0.001,17.4599,
AddVertex,-1.2661,0.001,17.4566,
AddVertex,-1.3551,0.001,19.9542,
AddVertex,-1.4150,0.001,19.9504,
AddVertex,-1.5240,0.001,22.4485,
AddVertex,-1.5839,0.001,22.4442,
AddVertex,-1.7129,0.001,24.9428,
AddVertex,-1.7727,0.001,24.9380,
AddVertex,-1.9219,0.001,27.4370,
AddVertex,-1.9816,0.001,27.4318,
AddVertex,-2.1508,0.001,29.9313,
AddVertex,-2.2106,0.001,29.9256,
AddVertex,-2.3999,0.001,32.4256,
AddVertex,-2.4596,0.001,32.4194,
AddVertex,-2.6691,0.001,34.9199,
AddVertex,-2.7288,0.001,34.9132,
AddVertex,-2.9586,0.001,37.4141,
AddVertex,-3.0181,0.001,37.4070,
AddVertex,-3.2682,0.001,39.9084,
AddVertex,-3.3278,0.001,39.9008,
AddVertex,-3.5982,0.001,42.4027,
AddVertex,-3.6577,0.001,42.3946,
AddVertex,-3.9486,0.001,44.8970,
AddVertex,-4.0080,0.001,44.8884,
AddVertex,-4.3195,0.001,47.3913,
AddVertex,-4.3788,0.001,47.3822,
AddVertex,-4.7108,0.001,49.8855,
AddVertex,-4.7701,0.001,49.8760,
AddFace,3,2,0,1,
AddFace,5,4,2,3,
AddFace,7,6,4,5,
AddFace,9,8,6,7,
AddFace,11,10,8,9,
AddFace,13,12,10,11,
AddFace,15,14,12,13,
AddFace,17,16,14,15,
AddFace,19,18,16,17,
AddFace,21,20,18,19,
AddFace,23,22,20,21,
AddFace,25,24,22,23,
AddFace,27,26,24,25,
AddFace,29,28,26,27,
AddFace,31,30,28,29,
AddFace,33,32,30,31,
AddFace,35,34,32,33,
AddFace,37,36,34,35,
AddFace,39,38,36,37,
AddFace,41,40,38,39,
GenerateNormals,
LoadTexture,railTop.png,
SetTextureCoordinates,0,0,1.0000,
SetTextureCoordinates,1,1,1.0000,
SetTextureCoordinates,2,0,0.9500,
SetTextureCoordinates,3,1,0.9500,
SetTextureCoordinates,4,0,0.9000,
SetTextureCoordinates,5,1,0.9000,
SetTextureCoordinates,6,0,0.8500,
SetTextureCoordinates,7,1,0.8500,
SetTextureCoordinates,8,0,0.8000,
SetTextureCoordinates,9,1,0.8000,
SetTextureCoordinates,10,0,0.7500,
SetTextureCoordinates,11,1,0.7500,
SetTextureCoordinates,12,0,0.7000,
SetTextureCoordinates,13,1,0.7000,
SetTextureCoordinates,14,0,0.6500,
SetTextureCoordinates,15,1,0.6500,
SetTextureCoordinates,16,0,0.6000,
SetTextureCoordinates,17,1,0.6000,
SetTextureCoordinates,18,0,0.5500,
SetTextureCoordinates,19,1,0.5500,
SetTextureCoordinates,20,0,0.5000,
SetTextureCoordinates,21,1,0.5000,
SetTextureCoordinates,22,0,0.4500,
SetTextureCoordinates,23,1,0.4500,
SetTextureCoordinates,24,0,0.4000,
SetTextureCoordinates,25,1,0.4000,
SetTextureCoordinates,26,0,0.3500,
SetTextureCoordinates,27,1,0.3500,
SetTextureCoordinates,28,0,0.3000,
SetTextureCoordinates,29,1,0.3000,
SetTextureCoordinates,30,0,0.2500,
SetTextureCoordinates,31,1,0.2500,
SetTextureCoordinates,32,0,0.2000,
SetTextureCoordinates,33,1,0.2000,
SetTextureCoordinates,34,0,0.1500,
SetTextureCoordinates,35,1,0.1500,
SetTextureCoordinates,36,0,0.1000,
SetTextureCoordinates,37,1,0.1000,
SetTextureCoordinates,38,0,0.0500,
SetTextureCoordinates,39,1,0.0500,
SetTextureCoordinates,40,0,0.0000,
SetTextureCoordinates,41,1,0.0000,
SetColor,40,40,40


CreateMeshBuilder; Rail Side Left
AddVertex,0.7400,0,0.0000,
AddVertex,0.7400,-0.15,0.0000,
AddVertex,0.7400,0,5.0000,
AddVertex,0.7400,-0.15,5.0000,
AddVertex,0.7400,0,10.0000,
AddVertex,0.7400,-0.15,10.0000,
AddVertex,0.7400,0,15.0000,
AddVertex,0.7400,-0.15,15.0000,
AddVertex,0.7400,0,20.0000,
AddVertex,0.7400,-0.15,20.0000,
AddVertex,0.7400,0,25.0000,
AddVertex,0.7400,-0.15,25.0000,
AddVertex,0.7400,0,30.0000,
AddVertex,0.7400,-0.15,30.0000,
AddVertex,0.7400,0,35.0000,
AddVertex,0.7400,-0.15,35.0000,
AddVertex,0.7400,0,40.0000,
AddVertex,0.7400,-0.15,40.0000,
AddVertex,0.7400,0,45.0000,
AddVertex,0.7400,-0.15,45.0000,
AddVertex,0.7400,0,50.0000,
AddVertex,0.7400,-0.15,50.0000,
AddFace2,2,3,1,0,
AddFace2,4,5,3,2,
AddFace2,6,7,5,4,
AddFace2,8,9,7,6,
AddFace2,10,11,9,8,
AddFace2,12,13,11,10,
AddFace2,14,15,13,12,
AddFace2,16,17,15,14,
AddFace2,18,19,17,16,
AddFace2,20,21,19,18,
GenerateNormals,
LoadTexture,railSide.png,
SetTextureCoordinates,0,1.0000,0,
SetTextureCoordinates,1,1.0000,1,
SetTextureCoordinates,2,0.9000,0,
SetTextureCoordinates,3,0.9000,1,
SetTextureCoordinates,4,0.8000,0,
SetTextureCoordinates,5,0.8000,1,
SetTextureCoordinates,6,0.7000,0,
SetTextureCoordinates,7,0.7000,1,
SetTextureCoordinates,8,0.6000,0,
SetTextureCoordinates,9,0.6000,1,
SetTextureCoordinates,10,0.5000,0,
SetTextureCoordinates,11,0.5000,1,
SetTextureCoordinates,12,0.4000,0,
SetTextureCoordinates,13,0.4000,1,
SetTextureCoordinates,14,0.3000,0,
SetTextureCoordinates,15,0.3000,1,
SetTextureCoordinates,16,0.2000,0,
SetTextureCoordinates,17,0.2000,1,
SetTextureCoordinates,18,0.1000,0,
SetTextureCoordinates,19,0.1000,1,
SetTextureCoordinates,20,0.0000,0,
SetTextureCoordinates,21,0.0000,1,
SetColor,40,40,40


CreateMeshBuilder
AddVertex,-0.7400,0,0.0000,
AddVertex,-0.7400,-0.15,0.0000,
AddVertex,-0.7499,0,2.4941,
AddVertex,-0.7499,-0.15,2.4941,
AddVertex,-0.7797,0,4.9882,
AddVertex,-0.7797,-0.15,4.9882,
AddVertex,-0.8292,0,7.4824,
AddVertex,-0.8292,-0.15,7.4824,
AddVertex,-0.8986,0,9.9765,
AddVertex,-0.8986,-0.15,9.9765,
AddVertex,-0.9879,0,12.4706,
AddVertex,-0.9879,-0.15,12.4706,
AddVertex,-1.0971,0,14.9647,
AddVertex,-1.0971,-0.15,14.9647,
AddVertex,-1.2261,0,17.4588,
AddVertex,-1.2261,-0.15,17.4588,
AddVertex,-1.3751,0,19.9529,
AddVertex,-1.3751,-0.15,19.9529,
AddVertex,-1.5440,0,22.4471,
AddVertex,-1.5440,-0.15,22.4471,
AddVertex,-1.7329,0,24.9412,
AddVertex,-1.7329,-0.15,24.9412,
AddVertex,-1.9418,0,27.4353,
AddVertex,-1.9418,-0.15,27.4353,
AddVertex,-2.1707,0,29.9294,
AddVertex,-2.1707,-0.15,29.9294,
AddVertex,-2.4198,0,32.4235,
AddVertex,-2.4198,-0.15,32.4235,
AddVertex,-2.6890,0,34.9176,
AddVertex,-2.6890,-0.15,34.9176,
AddVertex,-2.9784,0,37.4118,
AddVertex,-2.9784,-0.15,37.4118,
AddVertex,-3.2881,0,39.9059,
AddVertex,-3.2881,-0.15,39.9059,
AddVertex,-3.6181,0,42.4000,
AddVertex,-3.6181,-0.15,42.4000,
AddVertex,-3.9684,0,44.8941,
AddVertex,-3.9684,-0.15,44.8941,
AddVertex,-4.3392,0,47.3882,
AddVertex,-4.3392,-0.15,47.3882,
AddVertex,-4.7306,0,49.8824,
AddVertex,-4.7306,-0.15,49.8824,
AddFace2,2,3,1,0,
AddFace2,4,5,3,2,
AddFace2,6,7,5,4,
AddFace2,8,9,7,6,
AddFace2,10,11,9,8,
AddFace2,12,13,11,10,
AddFace2,14,15,13,12,
AddFace2,16,17,15,14,
AddFace2,18,19,17,16,
AddFace2,20,21,19,18,
AddFace2,22,23,21,20,
AddFace2,24,25,23,22,
AddFace2,26,27,25,24,
AddFace2,28,29,27,26,
AddFace2,30,31,29,28,
AddFace2,32,33,31,30,
AddFace2,34,35,33,32,
AddFace2,36,37,35,34,
AddFace2,38,39,37,36,
AddFace2,40,41,39,38,
GenerateNormals,
LoadTexture,railSide.png,
SetTextureCoordinates,0,1.0000,0,
SetTextureCoordinates,1,1.0000,1,
SetTextureCoordinates,2,0.9500,0,
SetTextureCoordinates,3,0.9500,1,
SetTextureCoordinates,4,0.9000,0,
SetTextureCoordinates,5,0.9000,1,
SetTextureCoordinates,6,0.8500,0,
SetTextureCoordinates,7,0.8500,1,
SetTextureCoordinates,8,0.8000,0,
SetTextureCoordinates,9,0.8000,1,
SetTextureCoordinates,10,0.7500,0,
SetTextureCoordinates,11,0.7500,1,
SetTextureCoordinates,12,0.7000,0,
SetTextureCoordinates,13,0.7000,1,
SetTextureCoordinates,14,0.6500,0,
SetTextureCoordinates,15,0.6500,1,
SetTextureCoordinates,16,0.6000,0,
SetTextureCoordinates,17,0.6000,1,
SetTextureCoordinates,18,0.5500,0,
SetTextureCoordinates,19,0.5500,1,
SetTextureCoordinates,20,0.5000,0,
SetTextureCoordinates,21,0.5000,1,
SetTextureCoordinates,22,0.4500,0,
SetTextureCoordinates,23,0.4500,1,
SetTextureCoordinates,24,0.4000,0,
SetTextureCoordinates,25,0.4000,1,
SetTextureCoordinates,26,0.3500,0,
SetTextureCoordinates,27,0.3500,1,
SetTextureCoordinates,28,0.3000,0,
SetTextureCoordinates,29,0.3000,1,
SetTextureCoordinates,30,0.2500,0,
SetTextureCoordinates,31,0.2500,1,
SetTextureCoordinates,32,0.2000,0,
SetTextureCoordinates,33,0.2000,1,
SetTextureCoordinates,34,0.1500,0,
SetTextureCoordinates,35,0.1500,1,
SetTextureCoordinates,36,0.1000,0,
SetTextureCoordinates,37,0.1000,1,
SetTextureCoordinates,38,0.0500,0,
SetTextureCoordinates,39,0.0500,1,
SetTextureCoordinates,40,0.0000,0,
SetTextureCoordinates,41,0.0000,1,
SetColor,40,40,40


CreateMeshBuilder
AddVertex,-0.7400,0,30.5110,
AddVertex,-0.7400,-0.15,30.5110,
AddVertex,-0.7400,0,32.5000,
AddVertex,-0.7400,-0.15,32.5000,
AddVertex,-0.7400,0,35.0000,
AddVertex,-0.7400,-0.15,35.0000,
AddVertex,-0.7400,0,37.5000,
AddVertex,-0.7400,-0.15,37.5000,
AddVertex,-0.7400,0,40.0000,
AddVertex,-0.7400,-0.15,40.0000,
AddVertex,-0.7400,0,42.5000,
AddVertex,-0.7400,-0.15,42.5000,
AddVertex,-0.7400,0,45.0000,
AddVertex,-0.7400,-0.15,45.0000,
AddVertex,-0.7400,0,47.5000,
AddVertex,-0.7400,-0.15,47.5000,
AddVertex,-0.7400,0,50.0000,
AddVertex,-0.7400,-0.15,50.0000,
AddFace2,2,3,1,0,
AddFace2,4,5,3,2,
AddFace2,6,7,5,4,
AddFace2,8,9,7,6,
AddFace2,10,11,9,8,
AddFace2,12,13,11,10,
AddFace2,14,15,13,12,
AddFace2,16,17,15,14,
GenerateNormals,
LoadTexture,railSide.png,
SetTextureCoordinates,0,1.0000,0,
SetTextureCoordinates,1,1.0000,1,
SetTextureCoordinates,2,0.8750,0,
SetTextureCoordinates,3,0.8750,1,
SetTextureCoordinates,4,0.7500,0,
SetTextureCoordinates,5,0.7500,1,
SetTextureCoordinates,6,0.6250,0,
SetTextureCoordinates,7,0.6250,1,
SetTextureCoordinates,8,0.5000,0,
SetTextureCoordinates,9,0.5000,1,
SetTextureCoordinates,10,0.3750,0,
SetTextureCoordinates,11,0.3750,1,
SetTextureCoordinates,12,0.2500,0,
SetTextureCoordinates,13,0.2500,1,
SetTextureCoordinates,14,0.1250,0,
SetTextureCoordinates,15,0.1250,1,
SetTextureCoordinates,16,0.0000,0,
SetTextureCoordinates,17,0.0000,1,
SetColor,40,40,40


CreateMeshBuilder
AddVertex,-0.7400,0,30.5110,
AddVertex,-0.7400,-0.15,30.5110,
AddVertex,-0.9477,0,32.5765,
AddVertex,-0.9477,-0.15,32.5765,
AddVertex,-1.2182,0,35.0824,
AddVertex,-1.2182,-0.15,35.0824,
AddVertex,-1.5090,0,37.5882,
AddVertex,-1.5090,-0.15,37.5882,
AddVertex,-1.8201,0,40.0941,
AddVertex,-1.8201,-0.15,40.0941,
AddVertex,-2.1516,0,42.6000,
AddVertex,-2.1516,-0.15,42.6000,
AddVertex,-2.5037,0,45.1059,
AddVertex,-2.5037,-0.15,45.1059,
AddVertex,-2.8762,0,47.6118,
AddVertex,-2.8762,-0.15,47.6118,
AddVertex,-3.2694,0,50.1176,
AddVertex,-3.2694,-0.15,50.1176,
AddFace2,2,3,1,0,
AddFace2,4,5,3,2,
AddFace2,6,7,5,4,
AddFace2,8,9,7,6,
AddFace2,10,11,9,8,
AddFace2,12,13,11,10,
AddFace2,14,15,13,12,
AddFace2,16,17,15,14,
GenerateNormals,
LoadTexture,railSide.png,
SetTextureCoordinates,0,1.0000,0,
SetTextureCoordinates,1,1.0000,1,
SetTextureCoordinates,2,0.8750,0,
SetTextureCoordinates,3,0.8750,1,
SetTextureCoordinates,4,0.7500,0,
SetTextureCoordinates,5,0.7500,1,
SetTextureCoordinates,6,0.6250,0,
SetTextureCoordinates,7,0.6250,1,
SetTextureCoordinates,8,0.5000,0,
SetTextureCoordinates,9,0.5000,1,
SetTextureCoordinates,10,0.3750,0,
SetTextureCoordinates,11,0.3750,1,
SetTextureCoordinates,12,0.2500,0,
SetTextureCoordinates,13,0.2500,1,
SetTextureCoordinates,14,0.1250,0,
SetTextureCoordinates,15,0.1250,1,
SetTextureCoordinates,16,0.0000,0,
SetTextureCoordinates,17,0.0000,1,
SetColor,40,40,40


CreateMeshBuilder
AddVertex,-0.7400,0,0.0000,
AddVertex,-0.7400,-0.15,0.0000,
AddVertex,-0.7400,0,2.5000,
AddVertex,-0.7400,-0.15,2.5000,
AddVertex,-0.7400,0,5.0000,
AddVertex,-0.7400,-0.15,5.0000,
AddVertex,-0.7400,0,7.5000,
AddVertex,-0.7400,-0.15,7.5000,
AddVertex,-0.7400,0,10.0000,
AddVertex,-0.7400,-0.15,10.0000,
AddVertex,-0.7400,0,12.5000,
AddVertex,-0.7400,-0.15,12.5000,
AddVertex,-0.7400,0,15.0000,
AddVertex,-0.7400,-0.15,15.0000,
AddVertex,-0.7400,0,17.5000,
AddVertex,-0.7400,-0.15,17.5000,
AddVertex,-0.7400,0,20.0000,
AddVertex,-0.7400,-0.15,20.0000,
AddVertex,-0.7400,0,22.5000,
AddVertex,-0.7400,-0.15,22.5000,
AddVertex,-0.7400,0,25.0000,
AddVertex,-0.7400,-0.15,25.0000,
AddVertex,-0.7400,0,27.5000,
AddVertex,-0.7400,-0.15,27.5000,
AddVertex,-0.7400,0,29.5666,
AddVertex,-0.7400,-0.15,29.5666,
AddFace2,2,3,1,0,
AddFace2,4,5,3,2,
AddFace2,6,7,5,4,
AddFace2,8,9,7,6,
AddFace2,10,11,9,8,
AddFace2,12,13,11,10,
AddFace2,14,15,13,12,
AddFace2,16,17,15,14,
AddFace2,18,19,17,16,
AddFace2,20,21,19,18,
AddFace2,22,23,21,20,
AddFace2,24,25,23,22,
GenerateNormals,
LoadTexture,railSide.png,
SetTextureCoordinates,0,1.0000,0,
SetTextureCoordinates,1,1.0000,1,
SetTextureCoordinates,2,0.9167,0,
SetTextureCoordinates,3,0.9167,1,
SetTextureCoordinates,4,0.8333,0,
SetTextureCoordinates,5,0.8333,1,
SetTextureCoordinates,6,0.7500,0,
SetTextureCoordinates,7,0.7500,1,
SetTextureCoordinates,8,0.6667,0,
SetTextureCoordinates,9,0.6667,1,
SetTextureCoordinates,10,0.5833,0,
SetTextureCoordinates,11,0.5833,1,
SetTextureCoordinates,12,0.5000,0,
SetTextureCoordinates,13,0.5000,1,
SetTextureCoordinates,14,0.4167,0,
SetTextureCoordinates,15,0.4167,1,
SetTextureCoordinates,16,0.3333,0,
SetTextureCoordinates,17,0.3333,1,
SetTextureCoordinates,18,0.2500,0,
SetTextureCoordinates,19,0.2500,1,
SetTextureCoordinates,20,0.1667,0,
SetTextureCoordinates,21,0.1667,1,
SetTextureCoordinates,22,0.0833,0,
SetTextureCoordinates,23,0.0833,1,
SetTextureCoordinates,24,0.0000,0,
SetTextureCoordinates,25,0.0000,1,
SetColor,40,40,40


CreateMeshBuilder
AddVertex,-0.7400,0,29.5666,
AddVertex,-0.7400,-0.15,29.5666,
AddVertex,-0.9482,0,31.6981,
AddVertex,-0.9482,-0.15,31.6981,
AddFace2,2,3,1,0,
GenerateNormals,
LoadTexture,railSide.png,
SetTextureCoordinates,0,1.0000,0,
SetTextureCoordinates,1,1.0000,1,
SetTextureCoordinates,2,0.0000,0,
SetTextureCoordinates,3,0.0000,1,
SetColor,40,40,40


CreateMeshBuilder
AddVertex,-0.6500,0,29.5708,
AddVertex,-0.6500,-0.15,29.5708,
AddVertex,-0.6500,0,31.6981,
AddVertex,-0.6500,-0.15,31.6981,
AddFace2,2,3,1,0,
GenerateNormals,
LoadTexture,railSide.png,
SetTextureCoordinates,0,1.0000,0,
SetTextureCoordinates,1,1.0000,1,
SetTextureCoordinates,2,0.0000,0,
SetTextureCoordinates,3,0.0000,1,
SetColor,40,40,40


CreateMeshBuilder
AddVertex,0.6532,0,0.0000,
AddVertex,0.6532,-0.15,0.0000,
AddVertex,0.6622,0,2.5059,
AddVertex,0.6622,-0.15,2.5059,
AddVertex,0.6489,0,5.0118,
AddVertex,0.6489,-0.15,5.0118,
AddVertex,0.6134,0,7.5176,
AddVertex,0.6134,-0.15,7.5176,
AddVertex,0.5556,0,10.0235,
AddVertex,0.5556,-0.15,10.0235,
AddVertex,0.4755,0,12.5294,
AddVertex,0.4755,-0.15,12.5294,
AddVertex,0.3732,0,15.0353,
AddVertex,0.3732,-0.15,15.0353,
AddVertex,0.2485,0,17.5412,
AddVertex,0.2485,-0.15,17.5412,
AddVertex,0.1015,0,20.0471,
AddVertex,0.1015,-0.15,20.0471,
AddVertex,0.0000,0,21.5872,
AddVertex,0.0000,-0.15,21.5872,
AddVertex,-0.0678,0,22.5529,
AddVertex,-0.0678,-0.15,22.5529,
AddVertex,-0.2576,0,25.0588,
AddVertex,-0.2576,-0.15,25.0588,
AddVertex,-0.4674,0,27.5647,
AddVertex,-0.4674,-0.15,27.5647,
AddVertex,-0.6500,0,29.5708,
AddVertex,-0.6500,-0.15,29.5708,
AddFace2,2,3,1,0,
AddFace2,4,5,3,2,
AddFace2,6,7,5,4,
AddFace2,8,9,7,6,
AddFace2,10,11,9,8,
AddFace2,12,13,11,10,
AddFace2,14,15,13,12,
AddFace2,16,17,15,14,
AddFace2,18,19,17,16,
AddFace2,20,21,19,18,
AddFace2,22,23,21,20,
AddFace2,24,25,23,22,
AddFace2,26,27,25,24,
GenerateNormals,
LoadTexture,railSide.png,
SetTextureCoordinates,0,1.0000,0,
SetTextureCoordinates,1,1.0000,1,
SetTextureCoordinates,2,0.9231,0,
SetTextureCoordinates,3,0.9231,1,
SetTextureCoordinates,4,0.8462,0,
SetTextureCoordinates,5,0.8462,1,
SetTextureCoordinates,6,0.7692,0,
SetTextureCoordinates,7,0.7692,1,
SetTextureCoordinates,8,0.6923,0,
SetTextureCoordinates,9,0.6923,1,
SetTextureCoordinates,10,0.6154,0,
SetTextureCoordinates,11,0.6154,1,
SetTextureCoordinates,12,0.5385,0,
SetTextureCoordinates,13,0.5385,1,
SetTextureCoordinates,14,0.4615,0,
SetTextureCoordinates,15,0.4615,1,
SetTextureCoordinates,16,0.3846,0,
SetTextureCoordinates,17,0.3846,1,
SetTextureCoordinates,18,0.3077,0,
SetTextureCoordinates,19,0.3077,1,
SetTextureCoordinates,20,0.2308,0,
SetTextureCoordinates,21,0.2308,1,
SetTextureCoordinates,22,0.1538,0,
SetTextureCoordinates,23,0.1538,1,
SetTextureCoordinates,24,0.0769,0,
SetTextureCoordinates,25,0.0769,1,
SetTextureCoordinates,26,0.0000,0,
SetTextureCoordinates,27,0.0000,1,
SetColor,40,40,40


CreateMeshBuilder
AddVertex,0.6400,0,28.4458,
AddVertex,0.6400,-0.15,28.4458,
AddVertex,0.66,0,28.5958,
AddVertex,0.66,-0.15,28.5958,
AddVertex,0.66,0,29.5958,
AddVertex,0.66,-0.15,29.5958,
AddVertex,0.66,0,30.5958,
AddVertex,0.66,-0.15,30.5958,
AddVertex,0.66,0,31.5958,
AddVertex,0.66,-0.15,31.5958,
AddVertex,0.6400,0,31.7458,
AddVertex,0.6400,-0.15,31.7458,
AddFace2,2,3,1,0,
AddFace2,4,5,3,2,
AddFace2,6,7,5,4,
AddFace2,8,9,7,6,
AddFace2,10,11,9,8,
GenerateNormals,
LoadTexture,railSide.png,
SetTextureCoordinates,0,1.0000,0,
SetTextureCoordinates,1,1.0000,1,
SetTextureCoordinates,2,0.8000,0,
SetTextureCoordinates,3,0.8000,1,
SetTextureCoordinates,4,0.6000,0,
SetTextureCoordinates,5,0.6000,1,
SetTextureCoordinates,6,0.4000,0,
SetTextureCoordinates,7,0.4000,1,
SetTextureCoordinates,8,0.2000,0,
SetTextureCoordinates,9,0.2000,1,
SetTextureCoordinates,10,0.0000,0,
SetTextureCoordinates,11,0.0000,1,
SetColor,40,40,40


CreateMeshBuilder
AddVertex,-1.9265,0,28.3880,
AddVertex,-1.9265,-0.15,28.3880,
AddVertex,-1.9600,0,28.5358,
AddVertex,-1.9600,-0.15,28.5358,
AddVertex,-2.0527,0,29.5337,
AddVertex,-2.0527,-0.15,29.5337,
AddVertex,-2.1487,0,30.5316,
AddVertex,-2.1487,-0.15,30.5316,
AddVertex,-2.2478,0,31.5295,
AddVertex,-2.2478,-0.15,31.5295,
AddVertex,-2.2431,0,31.6812,
AddVertex,-2.2431,-0.15,31.6812,
AddFace2,2,3,1,0,
AddFace2,4,5,3,2,
AddFace2,6,7,5,4,
AddFace2,8,9,7,6,
AddFace2,10,11,9,8,
GenerateNormals,
LoadTexture,railSide.png,
SetTextureCoordinates,0,1.0000,0,
SetTextureCoordinates,1,1.0000,1,
SetTextureCoordinates,2,0.8000,0,
SetTextureCoordinates,3,0.8000,1,
SetTextureCoordinates,4,0.6000,0,
SetTextureCoordinates,5,0.6000,1,
SetTextureCoordinates,6,0.4000,0,
SetTextureCoordinates,7,0.4000,1,
SetTextureCoordinates,8,0.2000,0,
SetTextureCoordinates,9,0.2000,1,
SetTextureCoordinates,10,0.0000,0,
SetTextureCoordinates,11,0.0000,1,
SetColor,40,40,40


CreateMeshBuilder
AddVertex,2.2000,-0.3,0.0000,
AddVertex,1.3000,-0.15,0.0000,
AddVertex,2.2000,-0.3,2.5000,
AddVertex,1.3000,-0.15,2.5000,
AddVertex,2.2000,-0.3,5.0000,
AddVertex,1.3000,-0.15,5.0000,
AddVertex,2.2000,-0.3,7.5000,
AddVertex,1.3000,-0.15,7.5000,
AddVertex,2.2000,-0.3,10.0000,
AddVertex,1.3000,-0.15,10.0000,
AddVertex,2.2000,-0.3,12.5000,
AddVertex,1.3000,-0.15,12.5000,
AddVertex,2.2000,-0.3,15.0000,
AddVertex,1.3000,-0.15,15.0000,
AddVertex,2.2000,-0.3,17.5000,
AddVertex,1.3000,-0.15,17.5000,
AddVertex,2.2000,-0.3,20.0000,
AddVertex,1.3000,-0.15,20.0000,
AddVertex,2.2000,-0.3,22.5000,
AddVertex,1.3000,-0.15,22.5000,
AddVertex,2.2000,-0.3,25.0000,
AddVertex,1.3000,-0.15,25.0000,
AddVertex,2.2000,-0.3,27.5000,
AddVertex,1.3000,-0.15,27.5000,
AddVertex,2.2000,-0.3,30.0000,
AddVertex,1.3000,-0.15,30.0000,
AddVertex,2.2000,-0.3,32.5000,
AddVertex,1.3000,-0.15,32.5000,
AddVertex,2.2000,-0.3,35.0000,
AddVertex,1.3000,-0.15,35.0000,
AddVertex,2.2000,-0.3,37.5000,
AddVertex,1.3000,-0.15,37.5000,
AddVertex,2.2000,-0.3,40.0000,
AddVertex,1.3000,-0.15,40.0000,
AddVertex,2.2000,-0.3,42.5000,
AddVertex,1.3000,-0.15,42.5000,
AddVertex,2.2000,-0.3,45.0000,
AddVertex,1.3000,-0.15,45.0000,
AddVertex,2.2000,-0.3,47.5000,
AddVertex,1.3000,-0.15,47.5000,
AddVertex,2.2000,-0.3,50.0000,
AddVertex,1.3000,-0.15,50.0000,
AddFace,3,2,0,1,
AddFace,5,4,2,3,
AddFace,7,6,4,5,
AddFace,9,8,6,7,
AddFace,11,10,8,9,
AddFace,13,12,10,11,
AddFace,15,14,12,13,
AddFace,17,16,14,15,
AddFace,19,18,16,17,
AddFace,21,20,18,19,
AddFace,23,22,20,21,
AddFace,25,24,22,23,
AddFace,27,26,24,25,
AddFace,29,28,26,27,
AddFace,31,30,28,29,
AddFace,33,32,30,31,
AddFace,35,34,32,33,
AddFace,37,36,34,35,
AddFace,39,38,36,37,
AddFace,41,40,38,39,
GenerateNormals,
LoadTexture,ballast.png,
SetTextureCoordinates,0,1,20.0000,
SetTextureCoordinates,1,0,20.0000,
SetTextureCoordinates,2,1,19.0000,
SetTextureCoordinates,3,0,19.0000,
SetTextureCoordinates,4,1,18.0000,
SetTextureCoordinates,5,0,18.0000,
SetTextureCoordinates,6,1,17.0000,
SetTextureCoordinates,7,0,17.0000,
SetTextureCoordinates,8,1,16.0000,
SetTextureCoordinates,9,0,16.0000,
SetTextureCoordinates,10,1,15.0000,
SetTextureCoordinates,11,0,15.0000,
SetTextureCoordinates,12,1,14.0000,
SetTextureCoordinates,13,0,14.0000,
SetTextureCoordinates,14,1,13.0000,
SetTextureCoordinates,15,0,13.0000,
SetTextureCoordinates,16,1,12.0000,
SetTextureCoordinates,17,0,12.0000,
SetTextureCoordinates,18,1,11.0000,
SetTextureCoordinates,19,0,11.0000,
SetTextureCoordinates,20,1,10.0000,
SetTextureCoordinates,21,0,10.0000,
SetTextureCoordinates,22,1,9.0000,
SetTextureCoordinates,23,0,9.0000,
SetTextureCoordinates,24,1,8.0000,
SetTextureCoordinates,25,0,8.0000,
SetTextureCoordinates,26,1,7.0000,
SetTextureCoordinates,27,0,7.0000,
SetTextureCoordinates,28,1,6.0000,
SetTextureCoordinates,29,0,6.0000,
SetTextureCoordinates,30,1,5.0000,
SetTextureCoordinates,31,0,5.0000,
SetTextureCoordinates,32,1,4.0000,
SetTextureCoordinates,33,0,4.0000,
SetTextureCoordinates,34,1,3.0000,
SetTextureCoordinates,35,0,3.0000,
SetTextureCoordinates,36,1,2.0000,
SetTextureCoordinates,37,0,2.0000,
SetTextureCoordinates,38,1,1.0000,
SetTextureCoordinates,39,0,1.0000,
SetTextureCoordinates,40,1,0.0000,
SetTextureCoordinates,41,0,0.0000,
SetColor,40,40,40


CreateMeshBuilder
AddVertex,-1.3000,-0.15,0.0000,
AddVertex,-2.8000,-0.4,0.0000,
AddVertex,-1.3099,-0.15,2.4897,
AddVertex,-2.8098,-0.4,2.4777,
AddVertex,-1.3396,-0.15,4.9793,
AddVertex,-2.8394,-0.4,4.9555,
AddVertex,-1.3891,-0.15,7.4690,
AddVertex,-2.8886,-0.4,7.4332,
AddVertex,-1.4584,-0.15,9.9587,
AddVertex,-2.9576,-0.4,9.9110,
AddVertex,-1.5475,-0.15,12.4483,
AddVertex,-3.0463,-0.4,12.3887,
AddVertex,-1.6564,-0.15,14.9380,
AddVertex,-3.1547,-0.4,14.8665,
AddVertex,-1.7852,-0.15,17.4277,
AddVertex,-3.2829,-0.4,17.3442,
AddVertex,-1.9339,-0.15,19.9173,
AddVertex,-3.4309,-0.4,19.8219,
AddVertex,-2.1026,-0.15,22.4070,
AddVertex,-3.5987,-0.4,22.2997,
AddVertex,-2.2911,-0.15,24.8967,
AddVertex,-3.7864,-0.4,24.7774,
AddVertex,-2.4996,-0.15,27.3863,
AddVertex,-3.9939,-0.4,27.2552,
AddVertex,-2.7282,-0.15,29.8760,
AddVertex,-4.2213,-0.4,29.7329,
AddVertex,-2.9768,-0.15,32.3657,
AddVertex,-4.4688,-0.4,32.2107,
AddVertex,-3.2455,-0.15,34.8553,
AddVertex,-4.7362,-0.4,34.6884,
AddVertex,-3.5344,-0.15,37.3450,
AddVertex,-5.0237,-0.4,37.1661,
AddVertex,-3.8435,-0.15,39.8347,
AddVertex,-5.3314,-0.4,39.6439,
AddVertex,-4.1729,-0.15,42.3243,
AddVertex,-5.6592,-0.4,42.1216,
AddVertex,-4.5227,-0.15,44.8140,
AddVertex,-6.0072,-0.4,44.5994,
AddVertex,-4.8928,-0.15,47.3037,
AddVertex,-6.3756,-0.4,47.0771,
AddVertex,-5.2835,-0.15,49.7933,
AddVertex,-6.7644,-0.4,49.5548,
AddFace,3,2,0,1,
AddFace,5,4,2,3,
AddFace,7,6,4,5,
AddFace,9,8,6,7,
AddFace,11,10,8,9,
AddFace,13,12,10,11,
AddFace,15,14,12,13,
AddFace,17,16,14,15,
AddFace,19,18,16,17,
AddFace,21,20,18,19,
AddFace,23,22,20,21,
AddFace,25,24,22,23,
AddFace,27,26,24,25,
AddFace,29,28,26,27,
AddFace,31,30,28,29,
AddFace,33,32,30,31,
AddFace,35,34,32,33,
AddFace,37,36,34,35,
AddFace,39,38,36,37,
AddFace,41,40,38,39,
GenerateNormals,
LoadTexture,ballast.png,
SetTextureCoordinates,0,0,20.0000,
SetTextureCoordinates,1,1,20.0000,
SetTextureCoordinates,2,0,19.0000,
SetTextureCoordinates,3,1,19.0000,
SetTextureCoordinates,4,0,18.0000,
SetTextureCoordinates,5,1,18.0000,
SetTextureCoordinates,6,0,17.0000,
SetTextureCoordinates,7,1,17.0000,
SetTextureCoordinates,8,0,16.0000,
SetTextureCoordinates,9,1,16.0000,
SetTextureCoordinates,10,0,15.0000,
SetTextureCoordinates,11,1,15.0000,
SetTextureCoordinates,12,0,14.0000,
SetTextureCoordinates,13,1,14.0000,
SetTextureCoordinates,14,0,13.0000,
SetTextureCoordinates,15,1,13.0000,
SetTextureCoordinates,16,0,12.0000,
SetTextureCoordinates,17,1,12.0000,
SetTextureCoordinates,18,0,11.0000,
SetTextureCoordinates,19,1,11.0000,
SetTextureCoordinates,20,0,10.0000,
SetTextureCoordinates,21,1,10.0000,
SetTextureCoordinates,22,0,9.0000,
SetTextureCoordinates,23,1,9.0000,
SetTextureCoordinates,24,0,8.0000,
SetTextureCoordinates,25,1,8.0000,
SetTextureCoordinates,26,0,7.0000,
SetTextureCoordinates,27,1,7.0000,
SetTextureCoordinates,28,0,6.0000,
SetTextureCoordinates,29,1,6.0000,
SetTextureCoordinates,30,0,5.0000,
SetTextureCoordinates,31,1,5.0000,
SetTextureCoordinates,32,0,4.0000,
SetTextureCoordinates,33,1,4.0000,
SetTextureCoordinates,34,0,3.0000,
SetTextureCoordinates,35,1,3.0000,
SetTextureCoordinates,36,0,2.0000,
SetTextureCoordinates,37,1,2.0000,
SetTextureCoordinates,38,0,1.0000,
SetTextureCoordinates,39,1,1.0000,
SetTextureCoordinates,40,0,0.0000,
SetTextureCoordinates,41,1,0.0000,
SetColor,40,40,40


CreateMeshBuilder ;Sleepers L Branch
AddVertex,1.3000,-0.15,0.0000,
AddVertex,0.0000,-0.151,0.0000,
AddVertex,1.3000,-0.15,2.5000,
AddVertex,-0.0050,-0.151,2.5000,
AddVertex,1.3000,-0.15,5.0000,
AddVertex,-0.0199,-0.151,5.0000,
AddVertex,1.3000,-0.15,7.5000,
AddVertex,-0.0447,-0.151,7.5000,
AddVertex,1.3000,-0.15,10.0000,
AddVertex,-0.0795,-0.151,10.0000,
AddVertex,1.3000,-0.15,12.5000,
AddVertex,-0.1243,-0.151,12.5000,
AddVertex,1.3000,-0.15,15.0000,
AddVertex,-0.1790,-0.151,15.0000,
AddVertex,1.3000,-0.15,17.5000,
AddVertex,-0.2436,-0.151,17.5000,
AddVertex,1.3000,-0.15,20.0000,
AddVertex,-0.3183,-0.151,20.0000,
AddVertex,1.3000,-0.15,22.5000,
AddVertex,-0.4029,-0.151,22.5000,
AddVertex,1.3000,-0.15,25.0000,
AddVertex,-0.4976,-0.151,25.0000,
AddVertex,1.3000,-0.15,27.5000,
AddVertex,-0.6023,-0.151,27.5000,
AddVertex,1.3000,-0.15,30.0000,
AddVertex,-0.7171,-0.151,30.0000,
AddVertex,1.3000,-0.15,32.5000,
AddVertex,-0.8419,-0.151,32.5000,
AddVertex,1.3000,-0.15,35.0000,
AddVertex,-0.9768,-0.151,35.0000,
AddVertex,1.3000,-0.15,37.5000,
AddVertex,-1.1218,-0.151,37.5000,
AddVertex,1.3000,-0.15,40.0000,
AddVertex,-1.3000,-0.151,40.0000,
AddVertex,1.3000,-0.15,42.5000,
AddVertex,-1.3000,-0.151,42.5000,
AddVertex,1.3000,-0.15,45.0000,
AddVertex,-1.3000,-0.151,45.0000,
AddVertex,1.3000,-0.15,47.5000,
AddVertex,-1.3000,-0.151,47.5000,
AddVertex,1.3000,-0.15,50.0000,
AddVertex,-1.3000,-0.151,50.0000,
AddFace,3,2,0,1,
AddFace,5,4,2,3,
AddFace,7,6,4,5,
AddFace,9,8,6,7,
AddFace,11,10,8,9,
AddFace,13,12,10,11,
AddFace,15,14,12,13,
AddFace,17,16,14,15,
AddFace,19,18,16,17,
AddFace,21,20,18,19,
AddFace,23,22,20,21,
AddFace,25,24,22,23,
AddFace,27,26,24,25,
AddFace,29,28,26,27,
AddFace,31,30,28,29,
AddFace,33,32,30,31,
AddFace,35,34,32,33,
AddFace,37,36,34,35,
AddFace,39,38,36,37,
AddFace,41,40,38,39,
GenerateNormals,
LoadTexture,Sleeper.png,
SetTextureCoordinates,0.0000,0,30.0000,
SetTextureCoordinates,1.0000,0.5000,30.0000,
SetTextureCoordinates,2.0000,0,28.5000,
SetTextureCoordinates,3.0000,0.5019,28.5000,
SetTextureCoordinates,4.0000,0,27.0000,
SetTextureCoordinates,5.0000,0.5076,27.0000,
SetTextureCoordinates,6.0000,0,25.5000,
SetTextureCoordinates,7.0000,0.5172,25.5000,
SetTextureCoordinates,8.0000,0,24.0000,
SetTextureCoordinates,9.0000,0.5306,24.0000,
SetTextureCoordinates,10.0000,0,22.5000,
SetTextureCoordinates,11.0000,0.5478,22.5000,
SetTextureCoordinates,12.0000,0,21.0000,
SetTextureCoordinates,13.0000,0.5688,21.0000,
SetTextureCoordinates,14.0000,0,19.5000,
SetTextureCoordinates,15.0000,0.5937,19.5000,
SetTextureCoordinates,16.0000,0,18.0000,
SetTextureCoordinates,17.0000,0.6224,18.0000,
SetTextureCoordinates,18.0000,0,16.5000,
SetTextureCoordinates,19.0000,0.6550,16.5000,
SetTextureCoordinates,20.0000,0,15.0000,
SetTextureCoordinates,21.0000,0.6914,15.0000,
SetTextureCoordinates,22.0000,0,13.5000,
SetTextureCoordinates,23.0000,0.7317,13.5000,
SetTextureCoordinates,24.0000,0,12.0000,
SetTextureCoordinates,25.0000,0.7758,12.0000,
SetTextureCoordinates,26.0000,0,10.5000,
SetTextureCoordinates,27.0000,0.8238,10.5000,
SetTextureCoordinates,28.0000,0,9.0000,
SetTextureCoordinates,29.0000,0.8757,9.0000,
SetTextureCoordinates,30.0000,0,7.5000,
SetTextureCoordinates,31.0000,0.9315,7.5000,
SetTextureCoordinates,32.0000,0,6.0000,
SetTextureCoordinates,33.0000,0.9912,6.0000,
SetTextureCoordinates,34.0000,0,4.5000,
SetTextureCoordinates,35.0000,1.0000,4.5000,
SetTextureCoordinates,36.0000,0,3.0000,
SetTextureCoordinates,37.0000,1.0000,3.0000,
SetTextureCoordinates,38.0000,0,1.5000,
SetTextureCoordinates,39.0000,1.0000,1.5000,
SetTextureCoordinates,40.0000,0,0.0000,
SetTextureCoordinates,41.0000,1.0000,0.0000,
SetColor,40,40,40


CreateMeshBuilder ;Sleepers R Branch
AddVertex,0.0000,-0.15,0.0000,
AddVertex,-1.3000,-0.15,0.0000,
AddVertex,-0.0050,-0.15,2.5000,
AddVertex,-1.3099,-0.15,2.4897,
AddVertex,-0.0199,-0.15,5.0000,
AddVertex,-1.3396,-0.15,4.9793,
AddVertex,-0.0447,-0.15,7.5000,
AddVertex,-1.3891,-0.15,7.4690,
AddVertex,-0.0795,-0.15,10.0000,
AddVertex,-1.4584,-0.15,9.9587,
AddVertex,-0.1243,-0.15,12.5000,
AddVertex,-1.5475,-0.15,12.4483,
AddVertex,-0.1790,-0.15,15.0000,
AddVertex,-1.6564,-0.15,14.9380,
AddVertex,-0.2436,-0.15,17.5000,
AddVertex,-1.7852,-0.15,17.4277,
AddVertex,-0.3183,-0.15,20.0000,
AddVertex,-1.9339,-0.15,19.9173,
AddVertex,-0.4029,-0.15,22.5000,
AddVertex,-2.1026,-0.15,22.4070,
AddVertex,-0.4976,-0.15,25.0000,
AddVertex,-2.2911,-0.15,24.8967,
AddVertex,-0.6023,-0.15,27.5000,
AddVertex,-2.4996,-0.15,27.3863,
AddVertex,-0.7171,-0.15,30.0000,
AddVertex,-2.7282,-0.15,29.8760,
AddVertex,-0.8419,-0.15,32.5000,
AddVertex,-2.9768,-0.15,32.3657,
AddVertex,-0.9768,-0.15,35.0000,
AddVertex,-3.2455,-0.15,34.8553,
AddVertex,-1.1218,-0.15,37.5000,
AddVertex,-3.5344,-0.15,37.3450,
AddVertex,-1.2770,-0.15,40.0000,
AddVertex,-3.8435,-0.15,39.8347,
AddVertex,-1.5968,-0.15,42.6757,
AddVertex,-4.1729,-0.15,42.3243,
AddVertex,-1.9494,-0.15,45.1860,
AddVertex,-4.5227,-0.15,44.8140,
AddVertex,-2.3226,-0.15,47.6963,
AddVertex,-4.8928,-0.15,47.3037,
AddVertex,-2.7165,-0.15,50.2067,
AddVertex,-5.2835,-0.15,49.7933,
AddFace,3,2,0,1,
AddFace,5,4,2,3,
AddFace,7,6,4,5,
AddFace,9,8,6,7,
AddFace,11,10,8,9,
AddFace,13,12,10,11,
AddFace,15,14,12,13,
AddFace,17,16,14,15,
AddFace,19,18,16,17,
AddFace,21,20,18,19,
AddFace,23,22,20,21,
AddFace,25,24,22,23,
AddFace,27,26,24,25,
AddFace,29,28,26,27,
AddFace,31,30,28,29,
AddFace,33,32,30,31,
AddFace,35,34,32,33,
AddFace,37,36,34,35,
AddFace,39,38,36,37,
AddFace,41,40,38,39,
GenerateNormals,
LoadTexture,Sleeper.png,
SetTextureCoordinates,0.0000,0.5000,30.0000,
SetTextureCoordinates,1.0000,1,30.0000,
SetTextureCoordinates,2.0000,0.4981,28.5000,
SetTextureCoordinates,3.0000,1,28.5000,
SetTextureCoordinates,4.0000,0.4924,27.0000,
SetTextureCoordinates,5.0000,1,27.0000,
SetTextureCoordinates,6.0000,0.4828,25.5000,
SetTextureCoordinates,7.0000,1,25.5000,
SetTextureCoordinates,8.0000,0.4694,24.0000,
SetTextureCoordinates,9.0000,1,24.0000,
SetTextureCoordinates,10.0000,0.4522,22.5000,
SetTextureCoordinates,11.0000,1,22.5000,
SetTextureCoordinates,12.0000,0.4312,21.0000,
SetTextureCoordinates,13.0000,1,21.0000,
SetTextureCoordinates,14.0000,0.4063,19.5000,
SetTextureCoordinates,15.0000,1,19.5000,
SetTextureCoordinates,16.0000,0.3776,18.0000,
SetTextureCoordinates,17.0000,1,18.0000,
SetTextureCoordinates,18.0000,0.3450,16.5000,
SetTextureCoordinates,19.0000,1,16.5000,
SetTextureCoordinates,20.0000,0.3086,15.0000,
SetTextureCoordinates,21.0000,1,15.0000,
SetTextureCoordinates,22.0000,0.2683,13.5000,
SetTextureCoordinates,23.0000,1,13.5000,
SetTextureCoordinates,24.0000,0.2242,12.0000,
SetTextureCoordinates,25.0000,1,12.0000,
SetTextureCoordinates,26.0000,0.1762,10.5000,
SetTextureCoordinates,27.0000,1,10.5000,
SetTextureCoordinates,28.0000,0.1243,9.0000,
SetTextureCoordinates,29.0000,1,9.0000,
SetTextureCoordinates,30.0000,0.0685,7.5000,
SetTextureCoordinates,31.0000,1,7.5000,
SetTextureCoordinates,32.0000,0.0088,6.0000,
SetTextureCoordinates,33.0000,1,6.0000,
SetTextureCoordinates,34.0000,0.0000,4.5000,
SetTextureCoordinates,35.0000,1,4.5000,
SetTextureCoordinates,36.0000,0.0000,3.0000,
SetTextureCoordinates,37.0000,1,3.0000,
SetTextureCoordinates,38.0000,0.0000,1.5000,
SetTextureCoordinates,39.0000,1,1.5000,
SetTextureCoordinates,40.0000,0.0000,0.0000,
SetTextureCoordinates,41.0000,1,0.0000,
SetColor,40,40,40


CreateMeshBuilder ;Shoulder R Branch L
AddVertex,-1.3000,-0.151,40.0000,
AddVertex,-2.8000,-0.4,40.0000,
AddVertex,-1.3000,-0.151,42.5000,
AddVertex,-2.8000,-0.4,42.5000,
AddVertex,-1.3000,-0.151,45.0000,
AddVertex,-2.8000,-0.4,45.0000,
AddVertex,-1.3000,-0.151,47.5000,
AddVertex,-2.8000,-0.4,47.5000,
AddVertex,-1.3000,-0.151,50.0000,
AddVertex,-2.8000,-0.4,50.0000,
AddFace,3,2,0,1,
AddFace,5,4,2,3,
AddFace,7,6,4,5,
AddFace,9,8,6,7,
GenerateNormals,
LoadTexture,Ballast.png,
SetTextureCoordinates,0,-1,4.0000,
SetTextureCoordinates,1,0,4.0000,
SetTextureCoordinates,2,-1,3.0000,
SetTextureCoordinates,3,0,3.0000,
SetTextureCoordinates,4,-1,2.0000,
SetTextureCoordinates,5,0,2.0000,
SetTextureCoordinates,6,-1,1.0000,
SetTextureCoordinates,7,0,1.0000,
SetTextureCoordinates,8,-1,0.0000,
SetTextureCoordinates,9,0,0.0000,
SetColor,40,40,40


CreateMeshBuilder ;Shoulder L Branch R
AddVertex,-0.1105,-0.4,42.8784,
AddVertex,-1.5968,-0.15,42.6757,
AddVertex,-0.4649,-0.4,45.4006,
AddVertex,-1.9494,-0.15,45.1860,
AddVertex,-0.8399,-0.4,47.9229,
AddVertex,-2.3226,-0.15,47.6963,
AddVertex,-1.2356,-0.4,50.4452,
AddVertex,-2.7165,-0.15,50.2067,
AddFace,3,2,0,1,
AddFace,5,4,2,3,
AddFace,7,6,4,5,
GenerateNormals,
LoadTexture,Ballast.png,
SetTextureCoordinates,0,1,3.0000,
SetTextureCoordinates,1,0,3.0000,
SetTextureCoordinates,2,1,2.0000,
SetTextureCoordinates,3,0,2.0000,
SetTextureCoordinates,4,1,1.0000,
SetTextureCoordinates,5,0,1.0000,
SetTextureCoordinates,6,1,0.0000,
SetTextureCoordinates,7,0,0.0000,
SetColor,40,40,40


CreateMeshBuilder
AddVertex,1.3000,-0.14,0.0000,
AddVertex,0.3250,-0.14,0.0000,
AddVertex,1.3000,-0.14,1.2500,
AddVertex,0.3250,-0.14,1.2500,
AddVertex,1.3000,-0.14,2.5000,
AddVertex,0.3250,-0.14,2.5000,
AddVertex,1.3000,-0.14,3.7500,
AddVertex,0.3250,-0.14,3.7500,
AddVertex,1.3000,-0.14,5.0000,
AddVertex,0.3250,-0.14,5.0000,
AddVertex,1.3000,-0.14,6.2500,
AddVertex,0.3250,-0.14,6.2500,
AddVertex,1.3000,-0.14,7.5000,
AddVertex,0.3250,-0.14,7.5000,
AddVertex,1.3000,-0.14,8.7500,
AddVertex,0.3250,-0.14,8.7500,
AddVertex,1.3000,-0.14,10.0000,
AddVertex,0.3250,-0.14,10.0000,
AddFace,3,2,0,1,
AddFace,5,4,2,3,
AddFace,7,6,4,5,
AddFace,9,8,6,7,
AddFace,11,10,8,9,
AddFace,13,12,10,11,
AddFace,15,14,12,13,
AddFace,17,16,14,15,
GenerateNormals,
LoadTexture,SchieneSpezAnf.png,
SetTextureCoordinates,0,1,30.0000,
SetTextureCoordinates,1,0,30.0000,
SetTextureCoordinates,2,1,29.2500,
SetTextureCoordinates,3,0,29.2500,
SetTextureCoordinates,4,1,28.5000,
SetTextureCoordinates,5,0,28.5000,
SetTextureCoordinates,6,1,27.7500,
SetTextureCoordinates,7,0,27.7500,
SetTextureCoordinates,8,1,27.0000,
SetTextureCoordinates,9,0,27.0000,
SetTextureCoordinates,10,1,26.2500,
SetTextureCoordinates,11,0,26.2500,
SetTextureCoordinates,12,1,25.5000,
SetTextureCoordinates,13,0,25.5000,
SetTextureCoordinates,14,1,24.7500,
SetTextureCoordinates,15,0,24.7500,
SetTextureCoordinates,16,1,24.0000,
SetTextureCoordinates,17,0,24.0000,
SetDecalTransparentColor,255,255,255,
SetColor,40,40,40


CreateMeshBuilder
AddVertex,1.1403,-0.14,10.0000,
AddVertex,0.1658,-0.14,10.0000,
AddVertex,1.0979,-0.14,11.2500,
AddVertex,0.1235,-0.14,11.2500,
AddVertex,1.0505,-0.14,12.5000,
AddVertex,0.0762,-0.14,12.5000,
AddVertex,0.9980,-0.14,13.7500,
AddVertex,0.0240,-0.14,13.7500,
AddVertex,0.9406,-0.14,15.0000,
AddVertex,-0.0333,-0.14,15.0000,
AddVertex,0.8782,-0.14,16.2500,
AddVertex,-0.0955,-0.14,16.2500,
AddVertex,0.8107,-0.14,17.5000,
AddVertex,-0.1628,-0.14,17.5000,
AddVertex,0.7383,-0.14,18.7500,
AddVertex,-0.2350,-0.14,18.7500,
AddVertex,0.6608,-0.14,20.0000,
AddVertex,-0.3122,-0.14,20.0000,
AddVertex,0.5783,-0.14,21.2500,
AddVertex,-0.3945,-0.14,21.2500,
AddVertex,0.4908,-0.14,22.5000,
AddVertex,-0.4817,-0.14,22.5000,
AddVertex,0.3982,-0.14,23.7500,
AddVertex,-0.5740,-0.14,23.7500,
AddVertex,0.3007,-0.14,25.0000,
AddVertex,-0.6712,-0.14,25.0000,
AddVertex,0.1981,-0.14,26.2500,
AddVertex,-0.7735,-0.14,26.2500,
AddVertex,0.0904,-0.14,27.5000,
AddVertex,-0.8809,-0.14,27.5000,
AddVertex,-0.0223,-0.14,28.7500,
AddVertex,-0.9932,-0.14,28.7500,
AddVertex,-0.1400,-0.14,30.0000,
AddVertex,-1.1106,-0.14,30.0000,
AddFace,3,2,0,1,
AddFace,5,4,2,3,
AddFace,7,6,4,5,
AddFace,9,8,6,7,
AddFace,11,10,8,9,
AddFace,13,12,10,11,
AddFace,15,14,12,13,
AddFace,17,16,14,15,
AddFace,19,18,16,17,
AddFace,21,20,18,19,
AddFace,23,22,20,21,
AddFace,25,24,22,23,
AddFace,27,26,24,25,
AddFace,29,28,26,27,
AddFace,31,30,28,29,
AddFace,33,32,30,31,
GenerateNormals,
LoadTexture,SchieneSpez.png,
SetTextureCoordinates,0,1,24.0000,
SetTextureCoordinates,1,0,24.0000,
SetTextureCoordinates,2,1,23.2500,
SetTextureCoordinates,3,0,23.2500,
SetTextureCoordinates,4,1,22.5000,
SetTextureCoordinates,5,0,22.5000,
SetTextureCoordinates,6,1,21.7500,
SetTextureCoordinates,7,0,21.7500,
SetTextureCoordinates,8,1,21.0000,
SetTextureCoordinates,9,0,21.0000,
SetTextureCoordinates,10,1,20.2500,
SetTextureCoordinates,11,0,20.2500,
SetTextureCoordinates,12,1,19.5000,
SetTextureCoordinates,13,0,19.5000,
SetTextureCoordinates,14,1,18.7500,
SetTextureCoordinates,15,0,18.7500,
SetTextureCoordinates,16,1,18.0000,
SetTextureCoordinates,17,0,18.0000,
SetTextureCoordinates,18,1,17.2500,
SetTextureCoordinates,19,0,17.2500,
SetTextureCoordinates,20,1,16.5000,
SetTextureCoordinates,21,0,16.5000,
SetTextureCoordinates,22,1,15.7500,
SetTextureCoordinates,23,0,15.7500,
SetTextureCoordinates,24,1,15.0000,
SetTextureCoordinates,25,0,15.0000,
SetTextureCoordinates,26,1,14.2500,
SetTextureCoordinates,27,0,14.2500,
SetTextureCoordinates,28,1,13.5000,
SetTextureCoordinates,29,0,13.5000,
SetTextureCoordinates,30,1,12.7500,
SetTextureCoordinates,31,0,12.7500,
SetTextureCoordinates,32,1,12.0000,
SetTextureCoordinates,33,0,12.0000,
SetDecalTransparentColor,255,255,255,
SetColor,40,40,40


CreateMeshBuilder
AddVertex,-1.3000,-0.14,0.0000,
AddVertex,-0.3250,-0.14,0.0000,
AddVertex,-1.3025,-0.14,1.2500,
AddVertex,-0.3275,-0.14,1.2500,
AddVertex,-1.3099,-0.14,2.5000,
AddVertex,-0.3349,-0.14,2.5000,
AddVertex,-1.3223,-0.14,3.7500,
AddVertex,-0.3473,-0.14,3.7500,
AddVertex,-1.3396,-0.14,5.0000,
AddVertex,-0.3647,-0.14,5.0000,
AddVertex,-1.3619,-0.14,6.2500,
AddVertex,-0.3870,-0.14,6.2500,
AddVertex,-1.3891,-0.14,7.5000,
AddVertex,-0.4143,-0.14,7.5000,
AddVertex,-1.4212,-0.14,8.7500,
AddVertex,-0.4466,-0.14,8.7500,
AddVertex,-1.4584,-0.14,10.0000,
AddVertex,-0.4839,-0.14,10.0000,
AddFace,2,3,1,0,
AddFace,4,5,3,2,
AddFace,6,7,5,4,
AddFace,8,9,7,6,
AddFace,10,11,9,8,
AddFace,12,13,11,10,
AddFace,14,15,13,12,
AddFace,16,17,15,14,
GenerateNormals,
LoadTexture,SchieneSpezAnf.png,
SetTextureCoordinates,0,1,30.0000,
SetTextureCoordinates,1,0,30.0000,
SetTextureCoordinates,2,1,29.2500,
SetTextureCoordinates,3,0,29.2500,
SetTextureCoordinates,4,1,28.5000,
SetTextureCoordinates,5,0,28.5000,
SetTextureCoordinates,6,1,27.7500,
SetTextureCoordinates,7,0,27.7500,
SetTextureCoordinates,8,1,27.0000,
SetTextureCoordinates,9,0,27.0000,
SetTextureCoordinates,10,1,26.2500,
SetTextureCoordinates,11,0,26.2500,
SetTextureCoordinates,12,1,25.5000,
SetTextureCoordinates,13,0,25.5000,
SetTextureCoordinates,14,1,24.7500,
SetTextureCoordinates,15,0,24.7500,
SetTextureCoordinates,16,1,24.0000,
SetTextureCoordinates,17,0,24.0000,
SetDecalTransparentColor,255,255,255,
SetColor,40,40,40


CreateMeshBuilder
AddVertex,-1.3000,-0.14,10.0000,
AddVertex,-0.3250,-0.14,10.0000,
AddVertex,-1.3000,-0.14,11.2500,
AddVertex,-0.3250,-0.14,11.2500,
AddVertex,-1.3000,-0.14,12.5000,
AddVertex,-0.3250,-0.14,12.5000,
AddVertex,-1.3000,-0.14,13.7500,
AddVertex,-0.3250,-0.14,13.7500,
AddVertex,-1.3000,-0.14,15.0000,
AddVertex,-0.3250,-0.14,15.0000,
AddVertex,-1.3000,-0.14,16.2500,
AddVertex,-0.3250,-0.14,16.2500,
AddVertex,-1.3000,-0.14,17.5000,
AddVertex,-0.3250,-0.14,17.5000,
AddVertex,-1.3000,-0.14,18.7500,
AddVertex,-0.3250,-0.14,18.7500,
AddVertex,-1.3000,-0.14,20.0000,
AddVertex,-0.3250,-0.14,20.0000,
AddVertex,-1.3000,-0.14,21.2500,
AddVertex,-0.3250,-0.14,21.2500,
AddVertex,-1.3000,-0.14,22.5000,
AddVertex,-0.3250,-0.14,22.5000,
AddVertex,-1.3000,-0.14,23.7500,
AddVertex,-0.3250,-0.14,23.7500,
AddVertex,-1.3000,-0.14,25.0000,
AddVertex,-0.3250,-0.14,25.0000,
AddVertex,-1.3000,-0.14,26.2500,
AddVertex,-0.3250,-0.14,26.2500,
AddVertex,-1.3000,-0.14,27.5000,
AddVertex,-0.3250,-0.14,27.5000,
AddVertex,-1.3000,-0.14,28.7500,
AddVertex,-0.3250,-0.14,28.7500,
AddVertex,-1.3000,-0.14,30.0000,
AddVertex,-0.3250,-0.14,30.0000,
AddFace,2,3,1,0,
AddFace,4,5,3,2,
AddFace,6,7,5,4,
AddFace,8,9,7,6,
AddFace,10,11,9,8,
AddFace,12,13,11,10,
AddFace,14,15,13,12,
AddFace,16,17,15,14,
AddFace,18,19,17,16,
AddFace,20,21,19,18,
AddFace,22,23,21,20,
AddFace,24,25,23,22,
AddFace,26,27,25,24,
AddFace,28,29,27,26,
AddFace,30,31,29,28,
AddFace,32,33,31,30,
GenerateNormals,
LoadTexture,SchieneSpez.png,
SetTextureCoordinates,0,1,24.0000,
SetTextureCoordinates,1,0,24.0000,
SetTextureCoordinates,2,1,23.2500,
SetTextureCoordinates,3,0,23.2500,
SetTextureCoordinates,4,1,22.5000,
SetTextureCoordinates,5,0,22.5000,
SetTextureCoordinates,6,1,21.7500,
SetTextureCoordinates,7,0,21.7500,
SetTextureCoordinates,8,1,21.0000,
SetTextureCoordinates,9,0,21.0000,
SetTextureCoordinates,10,1,20.2500,
SetTextureCoordinates,11,0,20.2500,
SetTextureCoordinates,12,1,19.5000,
SetTextureCoordinates,13,0,19.5000,
SetTextureCoordinates,14,1,18.7500,
SetTextureCoordinates,15,0,18.7500,
SetTextureCoordinates,16,1,18.0000,
SetTextureCoordinates,17,0,18.0000,
SetTextureCoordinates,18,1,17.2500,
SetTextureCoordinates,19,0,17.2500,
SetTextureCoordinates,20,1,16.5000,
SetTextureCoordinates,21,0,16.5000,
SetTextureCoordinates,22,1,15.7500,
SetTextureCoordinates,23,0,15.7500,
SetTextureCoordinates,24,1,15.0000,
SetTextureCoordinates,25,0,15.0000,
SetTextureCoordinates,26,1,14.2500,
SetTextureCoordinates,27,0,14.2500,
SetTextureCoordinates,28,1,13.5000,
SetTextureCoordinates,29,0,13.5000,
SetTextureCoordinates,30,1,12.7500,
SetTextureCoordinates,31,0,12.7500,
SetTextureCoordinates,32,1,12.0000,
SetTextureCoordinates,33,0,12.0000,
SetDecalTransparentColor,255,255,255,
SetColor,40,40,40
CreateMeshBuilder

AddVertex,-1.8,-0.05,0.3,
AddVertex,-1.2,-0.05,0.3,

AddVertex,-1.2,-0.25,0.3,

AddVertex,-1.8,-0.25,0.3,

AddVertex,-1.8,0,0.35,

AddVertex,-1.2,0,0.35,

AddVertex,-1.8,0,0.55,

AddVertex,-1.2,0,0.55,

AddVertex,-1.8,-0.05,0.6,

AddVertex,-1.2,-0.05,0.6,

AddVertex,-1.2,-0.25,0.6,

AddVertex,-1.8,-0.25,0.6,

AddFace,0,1,2,3,

AddFace,4,5,1,0,

AddFace,6,7,5,4,

AddFace,8,9,7,6,

AddFace,11,10,9,8,

GenerateNormals,
LoadTexture,WeichAntrieb.png,
SetTextureCoordinates,0,0,0.5,
SetTextureCoordinates,1,1,0.5,
SetTextureCoordinates,2,1,1,
SetTextureCoordinates,3,0,1,
SetTextureCoordinates,4,0,0.3,
SetTextureCoordinates,5,1,0.3,
SetTextureCoordinates,6,0,0,
SetTextureCoordinates,7,1,0,
SetTextureCoordinates,8,0,0.3,
SetTextureCoordinates,9,1,0.3,
SetTextureCoordinates,10,1,0.6,
SetTextureCoordinates,11,0,0.6,
SetColor,40,40,40
CreateMeshBuilder
AddVertex,-1.8,-0.25,0.3,
AddVertex,-1.8,-0.05,0.3,
AddVertex,-1.8,0,0.35,
AddVertex,-1.8,-0.25,0.35
AddVertex,-1.8,0,0.55,
AddVertex,-1.8,-0.25,0.55,
AddVertex,-1.8,-0.05,0.6,
AddVertex,-1.8,-0.25,0.6,
AddFace,2,1,0,3,
AddFace,4,2,3,5,
AddFace,6,4,5,7,
GenerateNormals,
LoadTexture,WeichAntrieb.png,
SetTextureCoordinates,0,1,1
SetTextureCoordinates,1,1,0.5
SetTextureCoordinates,2,0.9,0.5
SetTextureCoordinates,3,0.9,1
SetTextureCoordinates,4,0.7,0.5
SetTextureCoordinates,5,0.7,1
SetTextureCoordinates,6,0.6,0.5
SetTextureCoordinates,7,0.6,1
SetColor,40,40,40
CreateMeshBuilder
AddVertex,-1.2,-0.25,0.3,
AddVertex,-1.2,-0.05,0.3,
AddVertex,-1.2,0,0.35,
AddVertex,-1.2,-0.25,0.35,
AddVertex,-1.2,0,0.55,
AddVertex,-1.2,-0.25,0.55,
AddVertex,-1.2,-0.05,0.6,
AddVertex,-1.2,-0.25,0.6,
AddFace,1,2,3,0,
AddFace,2,4,5,3,
AddFace,4,6,7,5,
GenerateNormals,
LoadTexture,WeichAntrieb.png,
SetTextureCoordinates,0,1,1
SetTextureCoordinates,1,1,0.5
SetTextureCoordinates,2,0.9,0.5
SetTextureCoordinates,3,0.9,1
SetTextureCoordinates,4,0.7,0.5
SetTextureCoordinates,5,0.7,1
SetTextureCoordinates,6,0.6,0.5
SetTextureCoordinates,7,0.6,1
SetColor,40,40,40
CreateMeshBuilder
Cylinder,6,0.015,0.015,2
Rotate,0,0,1,90
Translate,-0.3,-0.14,0.4
SetColor,0,0,0
CreateMeshBuilder
Cylinder,6,0.01,0.01,2
Rotate,0,0,1,90
Translate,-0.3,-0.12,0.5
SetColor,0,0,0
